id,lastname,usename,fullname,birthdate,fromcity,fromstate,fromcountry,debut_p,last_p,debut_c,last_c,debut_m,last_m,debut_u,last_u,bats,throws,height
albaj201,Albayati,Jill,Jillian Graciela Albayati,20040305,Anaheim,California,USA,20260208,20262209,,,,,,,R,R,66
apgab201,Apgar,Britt,Brittany Apgar,20030808,Greensboro,North Carolina,USA,20260108,20262208,,,,,,,R,L,
baira201,Baird,Addisyn,Addisyn Baird,20080603,Granger,Indiana,USA,20260309,20262009,,,,,,,B,R,65
benap201,Benach,Paloma,Paloma Benach,20030612,Washington,D.C.,USA,20260908,20261109,,,,,,,L,L,70
benid201,Benites,Denae,Denae Michelle Benites,20011009,Las Vegas,Nevada,USA,20260108,20261409,,,,,,,R,R,
benis201,Benitez,Samaria,Samaria (Virgen) Benitez,20023008,Tuxpan,Nayarit,Mexico,20260108,20261409,,,,,,,R,R,
bepph201,Beppu,Hinano,Hinano Beppu,19960412,Nakagawa,Fukuoka,Japan,20261408,20260409,,,,,,,R,R,
beras701,Berardino,Steve,Steve Berardino,,St. Louis,Missouri,USA,,,,,,,20260508,20262209,,,
blunk201,Blunt,Kate,Kate Elizabeth-Ai Blunt,20031604,Ladera Ranch,California,USA,20260208,20260909,,,,,,,R,R,66
brico201,Bricker,Olivia,Olivia Bricker,20002308,Cincinnati,Ohio,USA,20261308,20260909,,,,,,,L,L,64
bryad201,Bryant,Denver,Denver Amber Bryant,20021207,Albany,Georgia,USA,20260208,20261109,,,,,,,R,R,66
chare601,Charlesworth-Seiler,Emma,Emma Charlesworth-Seiler,,Golden Valley,Minnesota,USA,,,,,20260108,20262209,20260808,20260808,,,
ciame201,Ciamarro,Elodie,Elodie Ciamarro,20061910,Mont-Saint-Hilaire,Quebec,Canada,20260108,20260409,,,,,,,R,R,
corip201,Coria,Peyton,Peyton Coria,20063010,Perris,California,USA,20260708,20262009,,,,,,,R,R,63
davim201,Davis,Mo'ne,Mo'ne Ikea Davis,20012406,Philadelphia,Pennsylvania,USA,20260108,20262209,,,,,,,R,R,65
daybe201,Day-Bedard,Ela,Ela Zoe Mini Day-Bedard,20050703,Gatineau,Quebec,Canada,20260208,20262009,,,,,,,R,R,64
delcr201,Del Castillo,Rosi,Rosa Maria (Alarcon) Del Castillo,19971308,Puebla,Puebla,Mexico,20260708,20261609,,,,,,,R,R,66
delee201,De Leija,Edith,Edith Elena (Sanchez) De Leija,20021304,Aldama,Tamaulipas,Mexico,20260208,20261109,,,,,,,R,L,
delpb701,Delp,Brian,Brian Delp,,,,,,,,,,,20260608,20261308,,,
dew-k601,Dew,Karavin,Karavin Dew,19912506,Calhoun,Georgia,USA,,,,,20260208,20261109,,,R,R,65
dinek701,Elliott Dine,Kelly,Kelly Elliott Dine,,Hudson,Ohio,USA,,,,,,,20260108,20262209,,,
dumam201,Dumais,Maika,Maika Dumais,20083103,Quebec City,Quebec,Canada,20260208,20261109,,,,,,,L,R,
ecclc201,Eccles,Claire,Claire Kirino Eccles,19972510,Vancouver,British Columbia,Canada,20260108,20261409,,,,,,,L,L,68
ecken201,Eckert,Niki,Cody Nicole Eckert,20031601,Englewood,New Jersey,USA,20260208,20262209,,,,,,,L,L,
edwas201,Edwards,Sarah,Sarah Beth Edwards,19962606,Bay Shore,New York,USA,20260108,20262209,,,,,,,B,L,70
eynoc201,Eynon,Caitlin,Caitlin Jane Eynon,20031305,Mandurah,Western Australia,Australia,20260508,20262209,,,,,,,L,R,
eystj201,Eyster,Jordan,Jordan Eyster,20042907,Royal Oak,Michigan,USA,20260208,20261709,,,,,,,R,R,
foulk001,Foulke,Keith,Keith Charles Foulke,19721910,Ellsworth Air Force Base,South Dakota,USA,,,20260108,20260808,,,,,R,R,72
foxxm201,Foxx,Maggie,Maggie Foxx,20050112,Bedford,New Hampshire,USA,20260108,20262209,,,,,,,R,R,69
frana201,Frank,Addie,Adelaide Frank,20081905,Oakville,Missouri,USA,20260508,20262009,,,,,,,R,R,65
geldt201,Geldenhuis,Ticara,Ticara Geldenhuis,20012109,Waterfall,New South Wales,Australia,20260208,20261109,,,,,,,R,R,67
giana201,Gianelloni,Amanda,Amanda Sue Gianelloni,19971702,New Orleans,Louisiana,USA,20260208,20262209,,,,,,,R,R,68
gildl201,Gilder,Liz,Elizabeth Loren Gilder,20011901,Port Moody,British Columbia,Canada,20260608,20262209,,,,,,,L,L,70
greeb201,Greenwood,Beth,Elizabeth Camilla Greenwood,19991910,Amherst,New Hampshire,USA,20260208,20261109,,,20260208,20261109,,,R,R,66
gutis201,Gutierrez,Samantha,Samantha Gutierrez,20031504,San Diego,California,USA,20260208,20262209,,,,,,,R,R,63
haasg201,Haas,Gabrielle,Gabrielle Elise Haas,20020508,Palm Beach Gardens,Florida,USA,20260208,20261109,,,,,,,R,R,
hastl201,Hastings,Lexi,Alexis Hastings,20020810,Holly Springs,North Carolina,USA,20260208,20261109,,,,,,,L,L,67
hartk701,Hart,Kate,Kate Hart,,,,,,,,,,,20260209,20261109,,,
hawkc701,Hawkins,Cody,Cody Hawkins,,,,,,,,,,,20260409,20260409,,,
henlj601,Henley,Jackson,Jackson Henley,,San Francisco,California,USA,,,,,20260108,20261409,,,,,
henlr601,Henley,Rocky,Rachelle McCann Henley,19692401,San Francisco,California,USA,,,20260108,20261409,,,,,R,R,66
herpe701,Herpick,Emilie,Emilie Herpick,,,Michigan,USA,,,,,,,20261208,20262108,,,
honda201,Hondras,Amira,Amira Jai Hondras,20082705,Chicago,Illinois,USA,20260108,20262209,,,,,,,R,R,64
ibard201,Ibarra,Diana,Diana (Munoz) Ibarra,19992812,Tepatitlan,Jalisco,Mexico,20260108,20262209,,,,,,,R,R,69
inglj601,Inglin,Jeff,Jeffrey Inglin,19750810,Petaluma,California,Mexico,,,,,20260208,20262209,,,R,R,71
izumk201,Izumi,Keira,Keira Izumi,20060810,San Diego,California,USA,20260108,20261209,,,,,,,R,R,
jorga201,Jorge,Alexia,Alexia Marie Theresa Jorge,20031708,Lyndhurst,New Jersey,USA,20260208,20262209,,,,,,,R,R,65
kapls201,Kaplan,Skylar,Skylar Kaplan,20011209,Glen Burnie,Maryland,USA,20260208,20262209,,,,,,,L,R,66
kim-h201,Kim,Hyeonah,Hyeon-ah Kim,20002406,Seoul,,South Korea,20260208,20260509,,,,,,,R,R,66
kim-r201,Kim,Rakyung,Ra-kyung Kim,20000411,Namyangju,Gyeonggi,South Korea,20260108,20261409,,,,,,,R,R,65
lahnk201,Lahners,Kylee,Kylee Suzanne Lahners,19930202,Pinehurst,North Carolina,USA,20260108,20261409,,,,,,,R,R,68
lansa201,Lansdell,Ashton,Ashton Grace Lansdell,20012202,Marietta,Georgia,USA,20260108,20262209,,,,,,,R,R,68
larks001,Larkin,Stephen,Stephen Karari Larkin,19732407,Cincinnati,Ohio,USA,,,,,20260108,20261409,,,L,L,72
lebla201,Leblanc,Andreanne,Andreanne Leblanc,20010608,Mont-Saint-Hilaire,Quebec,Canada,20260208,20262209,,,,,,,B,R,66
lee-j201,Lee,Jaida,Jaida Marie Maclaren Lee,20060101,St. John's,Newfoundland,Canada,20260108,20262908,,,,,,,R,R,70
leguj201,Leguizamon,Joely,Joely Isabel (Pimentel) Leguizamon,19991707,Jacksonville,Florida,USA,20260208,20262209,,,,,,,R,R,65
liu-s201,Liu,Sophiyah,Po Chun Liu,19791008,Taipei,,Taiwan,,,,,,,20262608,20263008,,,
mackj201,Mackay,Jamie,Jamie Mackay,20032804,Laguna Beach,California,USA,20260108,20262209,,,,,,,R,R,70
maxit201,Maximiliana,Thaima,Thaima Maximiliana,20070110,Willemstad,,Curacao,20260108,20262908,,,,,,,R,R,67
mckej701,Thomas McKeen,Janet,Janet Thomas McKeen,,Woodstock,Georgia,USA,,,,,,,20260108,20261709,,,
meidm201,Meidlinger,Meggie,Megan Elizabeth Meidlinger,19870911,Sterling,Virginia,USA,20260108,20262009,,,,,,,R,R,74
monaa701,Monachello,Annie,Annie Monachello,,St. Louis,Missouri,USA,,,,,,,20260808,20262209,,,
murpk201,Murphy,Katherine,Katherine Murphy,20061610,Belmont,Massachusetts,USA,20260108,20260409,,,,,,,R,R,
naras201,Narasaki,Suzu,Suzu Narasaki,19991705,Hannan,Osaka,Japan,20261208,20261409,,,,,,,R,R,62
osulc201,O'Sullivan,Claire,Claire Lesley O'Sullivan,19951302,Maroubra,New South Wales,Australia,20260908,20261409,,,,,,,R,R,68
paddm201,Paddison,Molly,Molly Cate Paddison,20070510,Pullenvale,Queensland,Australia,20260208,20260909,,,,,,,L,L,69
padgr201,Padgham,Raine,Raine Feria Padgham,20051907,Abbotsford,British Columbia,Canada,20260208,20261109,,,,,,,R,R,64
parkj201,Park,Jua,Ju-a Park,20040212,Hadong,Gyeongnam,South Korea,20260208,20262209,,,,,,,R,R,65
perev201,Perez,Valerie,Valerie Marie Perez,19911208,Corpus Christi,Texas,USA,20260108,20261409,,,,,,,R,R,66
pullj701,Pullano,Joelyn,Joelyn Pullano,,Las Vegas,Nevada,USA,,,,,,,20261608,20263008,,,
reynj201,Reynolds,Jacqui,Jacqueline Reynolds,19940903,Woburn,Massachusetts,USA,20260108,20263008,,,,,,,R,R,
robis201,Robinson,Sabrina,Sabrina Robinson,20032901,Morristown,New Jersey,USA,20260208,20262808,,,,,,,R,R,
rochm201,Roche,Michelle,Michelle Maxine Roche,20051808,Burnaby,British Columbia,Canada,20260108,20261909,,,,,,,R,R,67
romep601,Romero-Mendoza,Pete,Pete Romero-Mendoza,,Springfield,Illinois,USA,,,,,20262208,20262209,,,,,
saike201,Saiki,Emi,Emi Saiki,20011308,Takamatsu,Kagawa,Japan,20262208,20261409,,,,,,,L,R,65
satoa201,Sato,Ayami,Ayami Sato,19892112,Tokorozawa,Saitama,Japan,20260108,20262209,,,,,,,R,R,65
schig201,Schiano,Gigi,Gisella Schiano,20062712,Berrysburg,Pennsylvania,USA,20260208,20261109,,,,,,,R,R,
schra201,Schroder,Alli,Allison Paige Schroder,20022504,Fruitvale,British Columbia,Canada,20260208,20261109,,,,,,,R,R,65
shima201,Shimano,Ayuri,Ayuri Shimano,20042002,Osaka,Osaka,Japan,20262108,20262209,,,,,,,L,R,64
studl201,Studer,London,London Studer,20063006,Gahanna,Ohio,USA,20260108,20261409,,,,,,,L,L,
unges601,Unger,Sam,Samantha Unger,,,,,,,,,20260208,20262209,,,,,
villi201,Villarreal,Isabella,Isabella Villarreal,20063007,Newport,Michigan,USA,20260108,20262009,,,,,,,R,R,
weekj001,Weeks,Jemile,Jemile Nykiwa Weeks,19872601,Orlando,Florida,USA,,,20260908,20261109,20260108,20260808,,,B,R,69
whitk201,Whitmore,Kelsie,Kelsie Ann-Gamboa Whitmore,19980507,San Diego,California,USA,20260208,20262209,,,,,,,R,R,66
willm003,Williams,Matt,Matthew Derrick Williams,19652811,Bishop,California,USA,,,20260108,20262209,,,,,R,R,74
willm201,Willan,Madison,Madison Grace Willan,20010702,Edmonton,Alberta,Canada,20260108,20261409,,,,,,,R,R,62
wilst001,Wilson,Tack,Michael Wilson,19561605,Shreveport,Louisiana,USA,,,,,20262208,20261109,,,R,R,70
yamaa201,Yamamoto,Ayaka,Ayaka Yamamoto,20042206,Fukuyama,Hiroshima,Japan,20261408,20262209,,,,,,,R,R,
yamas201,Yamamoto,Suzuka,Suzuka Yamamoto,19990307,Takarazuka,Hyogo,Japan,20261308,20261109,,,,,,,L,R,60
yonen201,Yonetani,Natsuki,Natsuki Yonetani,20010808,Saitama,Saitama,Japan,20260108,20261409,,,,,,,R,R,
youne001,Young,Eric,Eric Orlando Sr. Young,19671805,New Brunswick,New Jersey,USA,,,20260108,20262209,,,,,R,R,69
zetta201,Zettlemoyer,Alyssa,Alyssa Zettlemoyer,20072803,Murrieta,California,USA,20260108,20261009,,,,,,,R,R,64
