PLAYERID,LAST,FIRST,NICKNAME,BIRTHDATE,FROM.CITY,FROM.STATE,FROM.COUNTRY,PLAY.DEBUT,PLAY.LASTGAME,MGR.DEBUT,MGR.LASTGAME,COACH.DEBUT,COACH.LASTGAME,UMP.DEBUT,UMP.LASTGAME,BATS,THROWS,HEIGHT
"albaj201","Albayati","Jillian Graciela","Jill","05/03/2004","Anaheim","California","USA","08/02/2026","09/22/2026",,,,,,,"R","R","5-06"
"apgab201","Apgar","Brittany","Britt","08/08/2003","Greensboro","North Carolina","USA","08/01/2026","08/22/2026",,,,,,,"R","L",
"baira201","Baird","Addisyn","Addisyn","03/06/2008","Granger","Indiana","USA","09/03/2026","09/20/2026",,,,,,,"B","R","5-05"
"benap201","Benach","Paloma","Paloma","12/06/2003","Washington","D.C.","USA","08/09/2026","09/11/2026",,,,,,,"L","L","5-10"
"benid201","Benites","Denae Michelle","Denae","09/10/2001","Las Vegas","Nevada","USA","08/01/2026","09/14/2026",,,,,,,"R","R",
"benis201","Benitez","Samaria (Virgen)","Samaria","08/30/2002","Tuxpan","Nayarit","Mexico","08/01/2026","09/14/2026",,,,,,,"R","R",
"bepph201","Beppu","Hinano","Hinano","12/04/1996","Nakagawa","Fukuoka","Japan","08/14/2026","09/04/2026",,,,,,,"R","R",
"beras701","Berardino","Steve","Steve",,"St. Louis","Missouri","USA",,,,,,,"08/05/2026","09/22/2026",,,
"blunk201","Blunt","Kate Elizabeth-Ai","Kate","04/16/2003","Ladera Ranch","California","USA","08/02/2026","09/09/2026",,,,,,,"R","R","5-06"
"brico201","Bricker","Olivia","Olivia","08/23/2000","Cincinnati","Ohio","USA","08/13/2026","09/09/2026",,,,,,,"L","L","5-04"
"bryad201","Bryant","Denver Amber","Denver","07/12/2002","Albany","Georgia","USA","08/02/2026","09/11/2026",,,,,,,"R","R","5-06"
"chare601","Charlesworth-Seiler","Emma","Emma",,"Golden Valley","Minnesota","USA",,,,,"08/01/2026","09/22/2026","08/08/2026","08/08/2026",,,
"ciame201","Ciamarro","Elodie","Elodie","10/19/2006","Mont-Saint-Hilaire","Quebec","Canada","08/01/2026","09/04/2026",,,,,,,"R","R",
"corip201","Coria","Peyton","Peyton","10/30/2006","Perris","California","USA","08/07/2026","09/20/2026",,,,,,,"R","R","5-03"
"davim201","Davis","Mo'ne Ikea","Mo'ne","06/24/2001","Philadelphia","Pennsylvania","USA","08/01/2026","09/22/2026",,,,,,,"R","R","5-05"
"daybe201","Day-Bedard","Ela Zoe Mini","Ela","03/07/2005","Gatineau","Quebec","Canada","08/02/2026","09/20/2026",,,,,,,"R","R","5-04"
"delcr201","Del Castillo","Rosa Maria (Alarcon)","Rosi","08/13/1997","Puebla","Puebla","Mexico",08/07/2026,"09/16/2026",,,,,,,"R","R","5-06"
"delee201","De Leija","Edith Elena (Sanchez)","Edith","04/13/2002","Aldama","Tamaulipas","Mexico","08/02/2026","09/11/2026",,,,,,,"R","L",
"delpb701","Delp","Brian","Brian",,,,,,,,,,,"08/06/2026","08/13/2026",,,
"dew-k601","Dew","Karavin","Karavin","06/25/1991","Calhoun","Georgia","USA",,,,,"08/02/2026","09/11/2026",,,"R","R","5-05"
"dinek701","Elliott Dine","Kelly","Kelly",,"Hudson","Ohio","USA",,,,,,,"08/01/2026","09/22/2026",,,
"dumam201","Dumais","Maika","Maika","03/31/2008","Quebec City","Quebec","Canada","08/02/2026","09/11/2026",,,,,,,"L","R",
"ecclc201","Eccles","Claire Kirino","Claire","10/25/1997","Vancouver","British Columbia","Canada","08/01/2026","09/14/2026",,,,,,,"L","L","5-08"
"ecken201","Eckert","Cody Nicole","Niki","01/16/2003","Englewood","New Jersey","USA","08/02/2026","09/22/2026",,,,,,,"L","L",
"edwas201","Edwards","Sarah Beth","Sarah","06/26/1996","Bay Shore","New York","USA","08/01/2026","09/22/2026",,,,,,,"B","L","5-10"
"eynoc201","Eynon","Caitlin Jane","Caitlin","05/13/2003","Mandurah","Western Australia","Australia",08/05/2026,"09/22/2026",,,,,,,"L","R",
"eystj201","Eyster","Jordan","Jordan","07/29/2004","Royal Oak","Michigan","USA","08/02/2026","09/17/2026",,,,,,,"R","R",
"foulk001","Foulke","Keith Charles","Keith","10/19/1972","Ellsworth Air Force Base","South Dakota","USA",,,"08/01/2026","08/08/2026",,,,,"R","R","6-00"
"foxxm201","Foxx","Maggie","Maggie","12/01/2005","Bedford","New Hampshire","USA","08/01/2026","09/22/2026",,,,,,,"R","R","5-09"
"frana201","Frank","Adelaide","Addie","05/19/2008","Oakville","Missouri","USA","08/05/2026","09/20/2026",,,,,,,"R","R","5-05"
"geldt201","Geldenhuis","Ticara","Ticara","09/21/2001","Waterfall","New South Wales","Australia","08/02/2026","09/11/2026",,,,,,,"R","R","5-07"
"giana201","Gianelloni","Amanda Sue","Amanda","02/17/1997","New Orleans","Louisiana","USA","08/02/2026","09/22/2026",,,,,,,"R","R","5-08"
"gildl201","Gilder","Elizabeth Loren","Liz","01/19/2001","Port Moody","British Columbia","Canada","08/06/2026","09/22/2026",,,,,,,"L","L","5-10"
"greeb201","Greenwood","Elizabeth Camilla","Beth","10/19/1999","Amherst","New Hampshire","USA","08/02/2026","09/11/2026",,,"08/02/2026","09/11/2026",,,"R","R","5-06"
"gutis201","Gutierrez","Samantha","Samantha","04/15/2003","San Diego","California","USA","08/02/2026","09/22/2026",,,,,,,"R","R","5-03"
"haasg201","Haas","Gabrielle Elise","Gabrielle","08/05/2002","Palm Beach Gardens","Florida","USA","08/02/2026","09/11/2026",,,,,,,"R","R",
"hastl201","Hastings","Alexis","Lexi","10/08/2002","Holly Springs","North Carolina","USA","08/02/2026","09/11/2026",,,,,,,"L","L","5-07"
"hartk701","Hart","Kate","Kate",,,,,,,,,,,"09/02/2026","09/11/2026",,,
"hawkc701","Hawkins","Cody","Cody",,,,,,,,,,,"09/04/2026","09/04/2026",,,
"henlj601","Henley","Jackson","Jackson",,"San Francisco","California","USA",,,,,"08/01/2026","09/14/2026",,,,,
"henlr601","Henley","Rachelle McCann","Rocky","01/24/1969","San Francisco","California","USA",,,"08/01/2026","09/14/2026",,,,,"R","R","5-06"
"herpe701","Herpick","Emilie","Emilie",,,"Michigan","USA",,,,,,,"08/12/2026","08/21/2026",,,
"honda201","Hondras","Amira Jai","Amira","05/27/2008","Chicago","Illinois","USA","08/01/2026","09/22/2026",,,,,,,"R","R","5-04"
"ibard201","Ibarra","Diana (Munoz)","Diana","12/28/1999","Tepatitlan","Jalisco","Mexico","08/01/2026","09/22/2026",,,,,,,"R","R","5-09"
"inglj601","Inglin","Jeffrey","Jeff","10/08/1975","Petaluma","California","Mexico",,,,,"08/02/2026","09/22/2026",,,"R","R","5-11"
"izumk201","Izumi","Keira","Keira","10/08/2006","San Diego","California","USA","08/01/2026","09/12/2026",,,,,,,"R","R",
"jorga201","Jorge","Alexia Marie Theresa","Alexia","08/17/2003","Lyndhurst","New Jersey","USA","08/02/2026","09/22/2026",,,,,,,"R","R","5-05"
"kapls201","Kaplan","Skylar","Skylar","09/12/2001","Glen Burnie","Maryland","USA","08/02/2026","09/22/2026",,,,,,,"L","R","5-06"
"kim-h201","Kim","Hyeon-ah","Hyeonah","06/24/2000","Seoul",,"South Korea","08/02/2026","09/05/2026",,,,,,,"R","R","5-06"
"kim-r201","Kim","Ra-kyung","Rakyung","11/04/2000","Namyangju","Gyeonggi","South Korea","08/01/2026","09/14/2026",,,,,,,"R","R","5-05"
"lahnk201","Lahners","Kylee Suzanne","Kylee","02/02/1993","Pinehurst","North Carolina","USA","08/01/2026","09/14/2026",,,,,,,"R","R","5-08"
"lansa201","Lansdell","Ashton Grace","Ashton","02/22/2001","Marietta","Georgia","USA","08/01/2026","09/22/2026",,,,,,,"R","R","5-08"
"larks001","Larkin","Stephen Karari","Stephen","07/24/1973","Cincinnati","Ohio","USA",,,,,"08/01/2026","09/14/2026",,,"L","L","6-00"
"lebla201","Leblanc","Andreanne","Andreanne","08/06/2001","Mont-Saint-Hilaire","Quebec","Canada","08/02/2026","09/22/2026",,,,,,,"B","R","5-06"
"lee-j201","Lee","Jaida Marie Maclaren","Jaida","01/01/2006","St. John's","Newfoundland","Canada","08/01/2026","08/29/2026",,,,,,,"R","R","5-10"
"leguj201","Leguizamon","Joely Isabel (Pimentel)","Joely","07/17/1999","Jacksonville","Florida","USA","08/02/2026","09/22/2026",,,,,,,"R","R","5-05"
"liu-s201","Liu","Po Chun","Sophiyah","08/10/1979","Taipei",,"Taiwan",,,,,,,"08/26/2026","08/30/2026",,,
"mackj201","Mackay","Jamie","Jamie","04/28/2003","Laguna Beach","California","USA","08/01/2026","09/22/2026",,,,,,,"R","R","5-10"
"maxit201","Maximiliana","Thaima","Thaima","10/01/2007","Willemstad",,"Curacao","08/01/2026","08/29/2026",,,,,,,"R","R","5-07"
"mckej701","Thomas McKeen","Janet","Janet",,"Woodstock","Georgia","USA",,,,,,,"08/01/2026","09/17/2026",,,
"meidm201","Meidlinger","Megan Elizabeth","Meggie","11/09/1987","Sterling","Virginia","USA","08/01/2026","09/20/2026",,,,,,,"R","R","6-02"
"monaa701","Monachello","Annie","Annie",,"St. Louis","Missouri","USA",,,,,,,"08/08/2026","09/22/2026",,,
"murpk201","Murphy","Katherine","Katherine","10/16/2006","Belmont","Massachusetts","USA","08/01/2026","09/04/2026",,,,,,,"R","R",
"naras201","Narasaki","Suzu","Suzu","05/17/1999","Hannan","Osaka","Japan","08/12/2026","09/14/2026",,,,,,,"R","R","5-02"
"osulc201","O'Sullivan","Claire Lesley","Claire","02/13/1995","Maroubra","New South Wales","Australia","08/09/2026","09/14/2026",,,,,,,"R","R","5-08"
"paddm201","Paddison","Molly Cate","Molly","10/05/2007","Pullenvale","Queensland","Australia","08/02/2026","09/09/2026",,,,,,,"L","L","5-09"
"padgr201","Padgham","Raine Feria","Raine","07/19/2005","Abbotsford","British Columbia","Canada","08/02/2026","09/11/2026",,,,,,,"R","R","5-04"
"parkj201","Park","Ju-a","Jua","12/02/2004","Hadong","Gyeongnam","South Korea","08/02/2026","09/22/2026",,,,,,,"R","R","5-05"
"perev201","Perez","Valerie Marie","Valerie","08/12/1991","Corpus Christi","Texas","USA","08/01/2026","09/14/2026",,,,,,,"R","R","5-06"
"pullj701","Pullano","Joelyn","Joelyn",,"Las Vegas","Nevada","USA",,,,,,,"08/16/2026","08/30/2026",,,
"reynj201","Reynolds","Jacqueline","Jacqui","03/09/1994","Woburn","Massachusetts","USA","08/01/2026","08/30/2026",,,,,,,"R","R",
"robis201","Robinson","Sabrina","Sabrina","01/29/2003","Morristown","New Jersey","USA","08/02/2026","08/28/2026",,,,,,,"R","R",
"rochm201","Roche","Michelle Maxine","Michelle","08/18/2005","Burnaby","British Columbia","Canada","08/01/2026","09/19/2026",,,,,,,"R","R","5-07"
"romep601","Romero-Mendoza","Pete","Pete",,"Springfield","Illinois","USA",,,,,"08/22/2026","09/22/2026",,,,,
"saike201","Saiki","Emi","Emi","08/13/2001","Takamatsu","Kagawa","Japan","08/22/2026","09/14/2026",,,,,,,"L","R","5-05"
"satoa201","Sato",Ayami,"Ayami","12/21/1989","Tokorozawa","Saitama","Japan","08/01/2026","09/22/2026",,,,,,,"R","R","5-05"
"schig201","Schiano","Gisella","Gigi","12/27/2006","Berrysburg","Pennsylvania","USA","08/02/2026","09/11/2026",,,,,,,"R","R",
"schra201","Schroder","Allison Paige","Alli","04/25/2002","Fruitvale","British Columbia","Canada","08/02/2026","09/11/2026",,,,,,,"R","R","5-05"
"shima201","Shimano","Ayuri","Ayuri","02/20/2004","Osaka","Osaka","Japan","08/21/2026","09/22/2026",,,,,,,"L","R","5-04"
"studl201","Studer","London","London","06/30/2006","Gahanna","Ohio","USA","08/01/2026","09/14/2026",,,,,,,"L","L",
"unges601","Unger","Samantha","Sam",,,,,,,,,"08/02/2026","09/22/2026",,,,,
"villi201","Villarreal","Isabella","Isabella","07/30/2006","Newport","Michigan","USA","08/01/2026","09/20/2026",,,,,,,"R","R",
"weekj001","Weeks","Jemile Nykiwa","Jemile","01/26/1987","Orlando","Florida","USA",,,"08/09/2026","09/11/2026","08/01/2026","08/08/2026",,,"B","R","5-09"
"whitk201","Whitmore","Kelsie Ann-Gamboa","Kelsie","07/05/1998","San Diego","California","USA","08/02/2026","09/22/2026",,,,,,,"R","R","5-06"
"willm003","Williams","Matthew Derrick","Matt","11/28/1965","Bishop","California","USA",,,"08/01/2026","09/22/2026",,,,,"R","R","6-02"
"willm201","Willan","Madison Grace","Madison","02/07/2001","Edmonton","Alberta","Canada","08/01/2026","09/14/2026",,,,,,,"R","R","5-02"
"wilst001","Wilson","Michael","Tack","05/16/1956","Shreveport","Louisiana","USA",,,,,"08/22/2026","09/11/2026",,,"R","R","5-10"
"yamaa201","Yamamoto","Ayaka","Ayaka","06/22/2004","Fukuyama","Hiroshima","Japan","08/14/2026","09/22/2026",,,,,,,"R","R",
"yamas201","Yamamoto","Suzuka","Suzuka","07/03/1999","Takarazuka","Hyogo","Japan","08/13/2026","09/11/2026",,,,,,,"L","R","5-00"
"yonen201","Yonetani","Natsuki","Natsuki","08/08/2001","Saitama","Saitama","Japan","08/01/2026","09/14/2026",,,,,,,"R","R",
"youne001","Young","Eric Orlando Sr.","Eric","05/18/1967","New Brunswick","New Jersey","USA",,,"08/01/2026","09/22/2026",,,,,"R","R","5-09"
"zetta201","Zettlemoyer","Alyssa","Alyssa","03/28/2007","Murrieta","California","USA","08/01/2026","09/10/2026",,,,,,,"R","R","5-04"
